ID,USUBJID
1,SYN-001
2,SYN-002
3,SYN-003
4,SYN-004
5,SYN-005
6,SYN-006
7,SYN-007
8,SYN-008
9,SYN-009
10,SYN-010
11,SYN-011
12,SYN-012
13,SYN-013
14,SYN-014
15,SYN-015
16,SYN-016
17,SYN-017
18,SYN-018
19,SYN-019
20,SYN-020
21,SYN-021
22,SYN-022
23,SYN-023
24,SYN-024
25,SYN-025
26,SYN-026
27,SYN-027
28,SYN-028
29,SYN-029
30,SYN-030
31,SYN-031
32,SYN-032
33,SYN-033
34,SYN-034
35,SYN-035
36,SYN-036
37,SYN-037
38,SYN-038
39,SYN-039
40,SYN-040
41,SYN-041
42,SYN-042
43,SYN-043
44,SYN-044
45,SYN-045
46,SYN-046
47,SYN-047
48,SYN-048
49,SYN-049
50,SYN-050
51,SYN-051
52,SYN-052
53,SYN-053
54,SYN-054
55,SYN-055
56,SYN-056
57,SYN-057
58,SYN-058
59,SYN-059
60,SYN-060
