ID,TIME,AMT,DV,EVID,MDV,CENS
1,0,100,,1,1,0
1,0.222,0,507.34,0,0,0
1,0.591,0,1585.4,0,0,0
1,0.993,0,2057.44,0,0,0
1,1.432,0,1693.21,0,0,0
1,1.978,0,2077.65,0,0,0
1,3.144,0,1717.06,0,0,0
1,3.964,0,1077.32,0,0,0
1,5.637,0,803.02,0,0,0
1,8.137,0,440.06,0,0,0
1,12.64,0,364.84,0,0,0
1,22.608,0,304.2,0,0,0
1,47.252,0,138.03,0,0,0
1,70.416,0,110.24,0,0,0
2,0,100,,1,1,0
2,0.253,0,852.69,0,0,0
2,0.462,0,1476.4,0,0,0
2,1.003,0,2082.35,0,0,0
2,1.551,0,1947.27,0,0,0
2,2.104,0,1605.53,0,0,0
2,2.898,0,1426.02,0,0,0
2,4.284,0,857.32,0,0,0
2,5.902,0,421.05,0,0,0
2,7.781,0,260.96,0,0,0
2,12.102,0,259.58,0,0,0
2,22.291,0,130.69,0,0,0
2,48.631,0,99.94,0,0,0
2,71.737,0,57,0,0,1
3,0,100,,1,1,0
3,0.262,0,695.27,0,0,0
3,0.535,0,1468.71,0,0,0
3,0.962,0,1635.02,0,0,0
3,1.501,0,2110.14,0,0,0
3,1.9,0,1891.01,0,0,0
3,2.906,0,1158.63,0,0,0
3,4.338,0,924.41,0,0,0
3,6.129,0,636.43,0,0,0
3,7.78,0,468.08,0,0,0
3,11.653,0,325.6,0,0,0
3,23.341,0,199.89,0,0,0
3,51.193,0,164.55,0,0,0
3,72.259,0,103.63,0,0,0
4,0,100,,1,1,0
4,0.238,0,820.65,0,0,0
4,0.492,0,892.85,0,0,0
4,0.924,0,1386.76,0,0,0
4,1.414,0,1184.34,0,0,0
4,1.886,0,1585.78,0,0,0
4,2.967,0,1332.73,0,0,0
4,3.707,0,1051.54,0,0,0
4,6.389,0,869.94,0,0,0
4,8.414,0,586.31,0,0,0
4,12.008,0,503.12,0,0,0
4,23.996,0,280.74,0,0,0
4,52.761,0,189.64,0,0,0
4,73.641,0,124.5,0,0,0
5,0,100,,1,1,0
5,0.259,0,389.1,0,0,0
5,0.471,0,580.76,0,0,0
5,1.048,0,1248.59,0,0,0
5,1.554,0,1333.9,0,0,0
5,2.018,0,1225.95,0,0,0
5,3.081,0,813.75,0,0,0
5,3.948,0,974.24,0,0,0
5,6.078,0,810.45,0,0,0
5,9.149,0,578.26,0,0,0
5,11.94,0,336.74,0,0,0
5,24.162,0,224.01,0,0,0
5,44.219,0,175.1,0,0,0
5,82.598,0,63.51,0,0,0
6,0,100,,1,1,0
6,0.289,0,927.05,0,0,0
6,0.462,0,1051.28,0,0,0
6,0.976,0,1453.43,0,0,0
6,1.517,0,1808.92,0,0,0
6,2.015,0,1263.38,0,0,0
6,2.978,0,1192.55,0,0,0
6,3.595,0,1385.91,0,0,0
6,5.735,0,685.98,0,0,0
6,7.817,0,545.36,0,0,0
6,11.677,0,320.5,0,0,0
6,23.874,0,281.69,0,0,0
6,44.718,0,167.72,0,0,0
6,68.401,0,127.79,0,0,0
7,0,100,,1,1,0
7,0.272,0,710.35,0,0,0
7,0.513,0,1390.43,0,0,0
7,0.981,0,1482.57,0,0,0
7,1.458,0,1418.21,0,0,0
7,2.21,0,1787.72,0,0,0
7,3.201,0,1220.11,0,0,0
7,4.19,0,1160.99,0,0,0
7,5.26,0,787.85,0,0,0
7,7.508,0,733.62,0,0,0
7,11.757,0,426.55,0,0,0
7,23.064,0,344.04,0,0,0
7,50.137,0,179.22,0,0,0
7,66.897,0,120.83,0,0,0
8,0,100,,1,1,0
8,0.215,0,773.6,0,0,0
8,0.494,0,1963.45,0,0,0
8,0.992,0,1509.67,0,0,0
8,1.497,0,1657.98,0,0,0
8,1.87,0,1717.5,0,0,0
8,2.921,0,1404.63,0,0,0
8,3.856,0,1172.21,0,0,0
8,5.76,0,704.08,0,0,0
8,7.766,0,507.09,0,0,0
8,12.421,0,407.6,0,0,0
8,24.671,0,191.07,0,0,0
8,48.566,0,127.48,0,0,0
8,74.967,0,89.72,0,0,0
9,0,100,,1,1,0
9,0.254,0,953.4,0,0,0
9,0.611,0,1628.38,0,0,0
9,0.979,0,1961.77,0,0,0
9,1.567,0,2317.01,0,0,0
9,1.966,0,1736.29,0,0,0
9,3.291,0,1311.12,0,0,0
9,4.377,0,949.17,0,0,0
9,5.879,0,863.88,0,0,0
9,7.86,0,518.3,0,0,0
9,10.893,0,386.27,0,0,0
9,26.155,0,318.21,0,0,0
9,51.014,0,177.09,0,0,0
9,71.545,0,95.39,0,0,0
10,0,100,,1,1,0
10,0.246,0,1048.05,0,0,0
10,0.53,0,1222.69,0,0,0
10,1.031,0,1984.25,0,0,0
10,1.559,0,1930.83,0,0,0
10,2.29,0,1741.75,0,0,0
10,3.01,0,1433.39,0,0,0
10,3.931,0,852.94,0,0,0
10,5.751,0,703.34,0,0,0
10,8.419,0,302.78,0,0,0
10,12.548,0,249.65,0,0,0
10,23.227,0,168.23,0,0,0
10,47.994,0,121.74,0,0,0
10,69.894,0,61.73,0,0,0
11,0,100,,1,1,0
11,0.211,0,774.59,0,0,0
11,0.479,0,1609.99,0,0,0
11,0.997,0,3008.83,0,0,0
11,1.442,0,2009.15,0,0,0
11,1.963,0,2093.16,0,0,0
11,3.15,0,1103.44,0,0,0
11,3.925,0,1297.53,0,0,0
11,6.025,0,471.5,0,0,0
11,7.907,0,347.72,0,0,0
11,11.502,0,314.02,0,0,0
11,23.934,0,231.75,0,0,0
11,46.501,0,133.82,0,0,0
11,75.759,0,57,0,0,1
12,0,100,,1,1,0
12,0.304,0,717.46,0,0,0
12,0.553,0,1427.63,0,0,0
12,0.928,0,1924.82,0,0,0
12,1.512,0,1908.15,0,0,0
12,2.055,0,1936.62,0,0,0
12,3.031,0,1681.48,0,0,0
12,3.788,0,1708.71,0,0,0
12,5.707,0,911.69,0,0,0
12,8.18,0,655.23,0,0,0
12,12.185,0,537.74,0,0,0
12,23.143,0,328.39,0,0,0
12,46.856,0,262.84,0,0,0
12,79.462,0,168.34,0,0,0
13,0,100,,1,1,0
13,0.259,0,835.79,0,0,0
13,0.477,0,943.13,0,0,0
13,1.023,0,1372.79,0,0,0
13,1.4,0,1064.59,0,0,0
13,2.004,0,1318.23,0,0,0
13,3.147,0,866.2,0,0,0
13,3.847,0,943.08,0,0,0
13,5.523,0,667.96,0,0,0
13,8.426,0,471.49,0,0,0
13,12.382,0,318.42,0,0,0
13,23.506,0,193.59,0,0,0
13,44.677,0,125.23,0,0,0
13,72.441,0,60.67,0,0,0
14,0,100,,1,1,0
14,0.191,0,928.58,0,0,0
14,0.365,0,1545.58,0,0,0
14,0.914,0,1695.79,0,0,0
14,1.561,0,2315.7,0,0,0
14,2.025,0,2070.48,0,0,0
14,2.93,0,1263.94,0,0,0
14,3.596,0,1154.05,0,0,0
14,6.455,0,583.2,0,0,0
14,7.913,0,406.42,0,0,0
14,12.077,0,355.8,0,0,0
14,24.087,0,179.46,0,0,0
14,53.291,0,98.02,0,0,0
14,70.124,0,99.87,0,0,0
15,0,100,,1,1,0
15,0.283,0,1058.13,0,0,0
15,0.516,0,1443.23,0,0,0
15,0.907,0,1869.29,0,0,0
15,1.501,0,2541.3,0,0,0
15,1.765,0,1586.46,0,0,0
15,3.123,0,1417.57,0,0,0
15,3.89,0,817.68,0,0,0
15,6.122,0,621.54,0,0,0
15,7.581,0,444.63,0,0,0
15,12.021,0,388.78,0,0,0
15,24.042,0,208.13,0,0,0
15,49.25,0,143.05,0,0,0
15,73.549,0,83.91,0,0,0
16,0,100,,1,1,0
16,0.274,0,227.02,0,0,0
16,0.488,0,451.67,0,0,0
16,1,0,788.3,0,0,0
16,1.452,0,762.96,0,0,0
16,1.924,0,1096.51,0,0,0
16,2.587,0,1017.45,0,0,0
16,3.868,0,747.09,0,0,0
16,5.986,0,582.53,0,0,0
16,7.434,0,568.62,0,0,0
16,11.86,0,370.76,0,0,0
16,23.171,0,193.38,0,0,0
16,51.279,0,114.53,0,0,0
16,72.604,0,65.39,0,0,0
17,0,100,,1,1,0
17,0.287,0,549.08,0,0,0
17,0.55,0,675.32,0,0,0
17,0.957,0,735.11,0,0,0
17,1.595,0,1633.36,0,0,0
17,2.109,0,1836.96,0,0,0
17,2.95,0,1549,0,0,0
17,4.225,0,1132.59,0,0,0
17,6.161,0,980.11,0,0,0
17,7.978,0,647.15,0,0,0
17,12.364,0,388.42,0,0,0
17,25.613,0,301.83,0,0,0
17,48.778,0,197.57,0,0,0
17,76.169,0,150.66,0,0,0
18,0,100,,1,1,0
18,0.281,0,720.51,0,0,0
18,0.53,0,1208.39,0,0,0
18,0.987,0,1642.49,0,0,0
18,1.469,0,1567.96,0,0,0
18,2.142,0,2171.96,0,0,0
18,2.807,0,1719.78,0,0,0
18,3.735,0,971.16,0,0,0
18,6.1,0,756.16,0,0,0
18,8.023,0,541.24,0,0,0
18,11.65,0,302.09,0,0,0
18,26.33,0,159.3,0,0,0
18,51.883,0,167.53,0,0,0
18,72.129,0,98.05,0,0,0
19,0,100,,1,1,0
19,0.255,0,735.38,0,0,0
19,0.571,0,1674.16,0,0,0
19,0.978,0,1760.27,0,0,0
19,1.632,0,2251.26,0,0,0
19,2.073,0,2064.12,0,0,0
19,3.172,0,1696.35,0,0,0
19,3.826,0,1427.75,0,0,0
19,6.343,0,689.52,0,0,0
19,8.934,0,440.66,0,0,0
19,12.012,0,335.18,0,0,0
19,25.222,0,302.92,0,0,0
19,44.33,0,220.53,0,0,0
19,74.505,0,94.43,0,0,0
20,0,100,,1,1,0
20,0.271,0,555.53,0,0,0
20,0.507,0,772.28,0,0,0
20,1.028,0,1025.61,0,0,0
20,1.385,0,1205.43,0,0,0
20,2.133,0,1188.07,0,0,0
20,3.124,0,880.62,0,0,0
20,4.178,0,683.23,0,0,0
20,6.077,0,502.12,0,0,0
20,7.575,0,236.62,0,0,0
20,12.344,0,183.24,0,0,0
20,23.581,0,101.7,0,0,0
20,44.173,0,57,0,0,1
20,70.325,0,57,0,0,1
21,0,100,,1,1,0
21,0.961,0,1531.14,0,0,0
21,6.233,0,625.29,0,0,0
21,11.071,0,328.05,0,0,0
21,37.383,0,190.13,0,0,0
22,0,100,,1,1,0
22,1.354,0,1046.46,0,0,0
22,2.858,0,1417.84,0,0,0
22,8.51,0,380.78,0,0,0
22,71.254,0,89.45,0,0,0
23,0,100,,1,1,0
23,1.588,0,1775.32,0,0,0
23,5.962,0,559.01,0,0,0
23,22.536,0,129.07,0,0,0
23,71.664,0,57.34,0,0,0
24,0,100,,1,1,0
24,2.001,0,1889.63,0,0,0
24,6.155,0,617.49,0,0,0
24,23.322,0,146.74,0,0,0
24,46.226,0,84.51,0,0,0
25,0,100,,1,1,0
25,2.016,0,1516.59,0,0,0
25,3.588,0,1088.99,0,0,0
25,8.808,0,519.94,0,0,0
25,68.391,0,163.94,0,0,0
26,0,100,,1,1,0
26,2.078,0,1622.26,0,0,0
26,4.365,0,1070.41,0,0,0
26,24.307,0,230.1,0,0,0
26,38.02,0,190.36,0,0,0
27,0,100,,1,1,0
27,0.522,0,1277.22,0,0,0
27,2.933,0,1365.16,0,0,0
27,23.667,0,201.21,0,0,0
27,50.004,0,96.73,0,0,0
28,0,100,,1,1,0
28,0.932,0,1144.09,0,0,0
28,4.006,0,1359.62,0,0,0
28,12.42,0,278.17,0,0,0
28,37.326,0,234.77,0,0,0
29,0,100,,1,1,0
29,1.095,0,1604.91,0,0,0
29,5.902,0,659.55,0,0,0
29,23.659,0,192.61,0,0,0
29,37.344,0,152.25,0,0,0
30,0,100,,1,1,0
30,0.939,0,1753.68,0,0,0
30,1.878,0,1684.98,0,0,0
30,12.538,0,258.7,0,0,0
30,67.077,0,57,0,0,1
31,0,100,,1,1,0
31,1.59,0,1583.08,0,0,0
31,2.715,0,1737.06,0,0,0
31,12.917,0,422.7,0,0,0
31,47.871,0,332.74,0,0,0
32,0,100,,1,1,0
32,0.949,0,1413.77,0,0,0
32,2.008,0,1851.48,0,0,0
32,8.41,0,450.89,0,0,0
32,36.076,0,170.65,0,0,0
33,0,100,,1,1,0
33,0.543,0,1211.8,0,0,0
33,1.872,0,1968.18,0,0,0
33,12.054,0,378.36,0,0,0
33,34.827,0,215.16,0,0,0
34,0,100,,1,1,0
34,2.034,0,2049.7,0,0,0
34,2.085,0,1783.36,0,0,0
34,8.096,0,596.07,0,0,0
34,48.295,0,157.17,0,0,0
35,0,100,,1,1,0
35,0.984,0,1941.49,0,0,0
35,2.998,0,1304.19,0,0,0
35,7.899,0,476.95,0,0,0
35,42.306,0,277.02,0,0,0
36,0,100,,1,1,0
36,0.97,0,2710.64,0,0,0
36,5.743,0,751.58,0,0,0
36,24.141,0,322.61,0,0,0
36,36.253,0,258.73,0,0,0
37,0,100,,1,1,0
37,1.048,0,1996.91,0,0,0
37,4.122,0,1179.37,0,0,0
37,7.847,0,411.42,0,0,0
37,35.883,0,144.49,0,0,0
38,0,100,,1,1,0
38,0.985,0,2345.9,0,0,0
38,3.869,0,1271.44,0,0,0
38,7.825,0,561.36,0,0,0
38,37.778,0,257.65,0,0,0
39,0,100,,1,1,0
39,0.484,0,813.32,0,0,0
39,2.027,0,1314.5,0,0,0
39,11.803,0,276.17,0,0,0
39,71.202,0,57,0,0,1
40,0,100,,1,1,0
40,0.547,0,754.96,0,0,0
40,6.451,0,581.73,0,0,0
40,12.143,0,365.35,0,0,0
40,68.314,0,82.39,0,0,0
41,0,100,,1,1,0
41,2.025,0,1501.76,0,0,0
41,2.796,0,1159,0,0,0
41,7.597,0,648.58,0,0,0
41,70.357,0,78.89,0,0,0
42,0,100,,1,1,0
42,0.534,0,699.24,0,0,0
42,1.958,0,1314.32,0,0,0
42,25.31,0,153.23,0,0,0
42,72.827,0,57,0,0,1
43,0,100,,1,1,0
43,0.975,0,1200.21,0,0,0
43,2.113,0,1269.3,0,0,0
43,12.789,0,320.1,0,0,0
43,72.052,0,76.26,0,0,0
44,0,100,,1,1,0
44,0.55,0,992.38,0,0,0
44,3.861,0,1030.48,0,0,0
44,11.474,0,322.49,0,0,0
44,74.427,0,83.97,0,0,0
45,0,100,,1,1,0
45,1.524,0,1963.96,0,0,0
45,2.794,0,1262.78,0,0,0
45,8.391,0,266.49,0,0,0
45,43.977,0,138.79,0,0,0
46,0,100,,1,1,0
46,1.455,0,1744.43,0,0,0
46,4.07,0,1026.56,0,0,0
46,21.18,0,219.76,0,0,0
46,69.069,0,93.37,0,0,0
47,0,100,,1,1,0
47,1.052,0,1739.67,0,0,0
47,6.434,0,305.46,0,0,0
47,24.657,0,153.37,0,0,0
47,47.726,0,75.73,0,0,0
48,0,100,,1,1,0
48,0.94,0,648.28,0,0,0
48,2.035,0,1224.87,0,0,0
48,11.981,0,225.53,0,0,0
48,45.594,0,87.72,0,0,0
49,0,100,,1,1,0
49,0.516,0,1360.3,0,0,0
49,2.766,0,985.9,0,0,0
49,24.637,0,216.93,0,0,0
49,34.946,0,176.91,0,0,0
50,0,100,,1,1,0
50,0.508,0,1604,0,0,0
50,2.044,0,2884.85,0,0,0
50,24.557,0,273.38,0,0,0
50,69.706,0,65.78,0,0,0
51,0,100,,1,1,0
51,1.063,0,2332.36,0,0,0
51,1.985,0,1899.47,0,0,0
51,8.007,0,504.57,0,0,0
51,48.342,0,149.59,0,0,0
52,0,100,,1,1,0
52,1.977,0,2021.22,0,0,0
52,6.395,0,707.54,0,0,0
52,8.714,0,476.2,0,0,0
52,70.812,0,93.07,0,0,0
53,0,100,,1,1,0
53,0.989,0,1278.48,0,0,0
53,3.846,0,1173.4,0,0,0
53,23.882,0,192.25,0,0,0
53,48.313,0,120.25,0,0,0
54,0,100,,1,1,0
54,0.977,0,1224.98,0,0,0
54,6.019,0,897.31,0,0,0
54,11.627,0,318.2,0,0,0
54,48.59,0,142.17,0,0,0
55,0,100,,1,1,0
55,2.022,0,1528.7,0,0,0
55,4.471,0,695.53,0,0,0
55,11.686,0,325.85,0,0,0
55,50.599,0,110.81,0,0,0
56,0,100,,1,1,0
56,0.899,0,1479.89,0,0,0
56,6.214,0,748.23,0,0,0
56,11.653,0,388.08,0,0,0
56,49.823,0,109.74,0,0,0
57,0,100,,1,1,0
57,1.936,0,1514.03,0,0,0
57,5.554,0,1035.69,0,0,0
57,7.759,0,640.26,0,0,0
57,49.168,0,297.17,0,0,0
58,0,100,,1,1,0
58,0.478,0,1032.22,0,0,0
58,5.775,0,905.86,0,0,0
58,10.99,0,309.23,0,0,0
58,32.967,0,209.78,0,0,0
59,0,100,,1,1,0
59,0.563,0,1488.3,0,0,0
59,3.058,0,1679.87,0,0,0
59,11.777,0,388.34,0,0,0
59,75.12,0,78.18,0,0,0
60,0,100,,1,1,0
60,0.484,0,972.23,0,0,0
60,6.308,0,589.93,0,0,0
60,7.857,0,404.32,0,0,0
60,67.26,0,91.3,0,0,0
