"ID","CL","V2","Q","V3","KA"
"1",3.62952017219518,28.9964786698969,7.95683030765147,117.447791959967,1.04390094793429
"2",5.71256967784331,27.5187680053042,7.95683030765147,117.447791959967,1.25208266273246
"3",3.86207089617956,33.6861229979157,7.95683030765147,117.447791959967,1.27504236530553
"4",3.06646472557495,45.4717610731381,7.95683030765147,117.447791959967,1.49587219630272
"5",4.19251188256666,49.1310331460321,7.95683030765147,117.447791959967,0.878394019184148
"6",3.61621359400985,39.1462148181296,7.95683030765147,117.447791959967,1.3669113970604
"7",3.19871019310085,38.6755878709383,7.95683030765147,117.447791959967,1.28082162884896
"8",3.95688519263371,35.1678863654799,7.95683030765147,117.447791959967,1.67770230766371
"9",3.36009546549538,31.0502699518311,7.95683030765147,117.447791959967,1.3624692480195
"10",4.99306147932214,30.1630030549942,7.95683030765147,117.447791959967,1.35070705591012
"11",4.31058704522502,23.9012948954994,7.95683030765147,117.447791959967,1.25350527794427
"12",2.36906374999433,30.0075547374454,7.95683030765147,117.447791959967,1.0053014615725
"13",5.05253860726278,51.2862349448289,7.95683030765147,117.447791959967,1.73107332759719
"14",4.15298682277515,29.057209005612,7.95683030765147,117.447791959967,1.58337532059585
"15",4.05628645919482,30.7525788791775,7.95683030765147,117.447791959967,1.41365375952935
"16",5.14423938233259,63.4895082236494,7.95683030765147,117.447791959967,0.733175160366876
"17",2.91984962329956,37.2605921092992,7.95683030765147,117.447791959967,0.757034216351506
"18",3.81065423398499,32.0269054636166,7.95683030765147,117.447791959967,1.02351901904949
"19",3.31487981603452,26.710979057171,7.95683030765147,117.447791959967,1.02861533771649
"20",8.70228760012171,47.1174016045562,7.95683030765147,117.447791959967,1.07825260544552
"21",4.11345922709943,35.3184473675361,7.95683030765147,117.447791959967,1.13619342539456
"22",4.33711528337204,42.7666658363282,7.95683030765147,117.447791959967,0.945795902059299
"23",5.49200328644157,33.570376784741,7.95683030765147,117.447791959967,1.20588973371015
"24",5.74653833655523,32.2471921588193,7.95683030765147,117.447791959967,1.06081211053022
"25",3.02460719865729,42.6011282449009,7.95683030765147,117.447791959967,1.18859873157014
"26",3.94415741621376,36.2446146911037,7.95683030765147,117.447791959967,1.10021017203388
"27",5.00348100472417,33.7348321798069,7.95683030765147,117.447791959967,1.19405143177071
"28",3.54065895666302,36.9333470026057,7.95683030765147,117.447791959967,0.865018901686308
"29",4.76174993690962,35.7904415618475,7.95683030765147,117.447791959967,1.13292880425525
"30",4.88933139091372,33.2334062525797,7.95683030765147,117.447791959967,1.21323733558324
"31",2.19811312797052,36.3692884374775,7.95683030765147,117.447791959967,1.03932734936632
"32",4.28800374498217,34.5803441308736,7.95683030765147,117.447791959967,1.05213548873719
"33",3.56578843694651,33.2330935760063,7.95683030765147,117.447791959967,1.10910371906374
"34",3.53168071479102,32.4240737717058,7.95683030765147,117.447791959967,1.1123720981222
"35",2.85349690281448,33.212435583422,7.95683030765147,117.447791959967,1.36321298205958
"36",2.93889672519645,25.2976662590632,7.95683030765147,117.447791959967,1.45710150289088
"37",4.63919859845547,29.4524286469496,7.95683030765147,117.447791959967,1.14050643273557
"38",2.97439574301947,28.2645897112633,7.95683030765147,117.447791959967,1.35041256015982
"39",5.20435444081481,41.8325954541005,7.95683030765147,117.447791959967,0.974739013412899
"40",4.53726578421722,46.0446215051735,7.95683030765147,117.447791959967,0.944613345049448
"41",4.35530690043388,42.7830694714182,7.95683030765147,117.447791959967,0.977905873153727
"42",5.63780601580332,44.3522109101362,7.95683030765147,117.447791959967,0.860454214021714
"43",4.54651007582867,44.3527204264446,7.95683030765147,117.447791959967,1.00112972114105
"44",4.25949238292086,40.0794095889409,7.95683030765147,117.447791959967,1.07384416302582
"45",4.8171670087554,30.0436161406511,7.95683030765147,117.447791959967,1.34807983570772
"46",4.23660933160315,35.8640387156118,7.95683030765147,117.447791959967,1.18759210063321
"47",6.30801250533649,29.1391094364649,7.95683030765147,117.447791959967,1.2561007555107
"48",6.34259273035399,47.6314243635678,7.95683030765147,117.447791959967,0.748629960237243
"49",4.39833327206164,38.340132876365,7.95683030765147,117.447791959967,1.45544334606376
"50",4.04265002573833,22.4128502476848,7.95683030765147,117.447791959967,1.13006461486308
"51",3.77855405721668,29.364708742261,7.95683030765147,117.447791959967,1.36390119614718
"52",3.84130290657328,32.0036365715337,7.95683030765147,117.447791959967,1.10899356616467
"53",4.73367320334296,38.745693833439,7.95683030765147,117.447791959967,0.973760973219197
"54",4.08883483508744,38.3410857189868,7.95683030765147,117.447791959967,0.866111041319683
"55",4.78044978670936,39.4887556090386,7.95683030765147,117.447791959967,1.28920995891035
"56",4.24301137941221,37.7301051739459,7.95683030765147,117.447791959967,1.0748071231414
"57",2.35293669150152,39.3161909765968,7.95683030765147,117.447791959967,1.03010112871586
"58",3.90049271126236,34.3520127601927,7.95683030765147,117.447791959967,0.994061994990388
"59",3.90055958149965,30.3362588866877,7.95683030765147,117.447791959967,1.15628940351802
"60",4.46025558457605,36.0198530968056,7.95683030765147,117.447791959967,1.08555682070593
